"Ebene";"EDV-Code";"Code";"Titel";"Kurztitel"
1;"1";"1";"NATURWISSENSCHAFTEN";""
2;"101";"101";"Mathematik";""
3;"1010";"1010";"Mathematik";""
4;"101001";"101001";"Algebra";""
4;"101002";"101002";"Analysis";""
4;"101003";"101003";"Angewandte Geometrie";""
4;"101004";"101004";"Biomathematik";""
4;"101005";"101005";"Computeralgebra";""
4;"101006";"101006";"Differentialgeometrie";""
4;"101007";"101007";"Finanzmathematik";""
4;"101008";"101008";"Funktionentheorie";""
4;"101009";"101009";"Geometrie";""
4;"101010";"101010";"Geschichte der Mathematik";""
4;"101011";"101011";"Graphentheorie";""
4;"101012";"101012";"Kombinatorik";""
4;"101013";"101013";"Mathematische Logik";""
4;"101014";"101014";"Numerische Mathematik";""
4;"101015";"101015";"Operations Research";""
4;"101016";"101016";"Optimierung";""
4;"101017";"101017";"Spieltheorie";""
4;"101018";"101018";"Statistik";""
4;"101019";"101019";"Stochastik";""
4;"101020";"101020";"Technische Mathematik";""
4;"101021";"101021";"Theoretische Kybernetik";""
4;"101022";"101022";"Topologie";""
4;"101023";"101023";"Versicherungsmathematik";""
4;"101024";"101024";"Wahrscheinlichkeitstheorie";""
4;"101025";"101025";"Zahlentheorie";""
4;"101026";"101026";"Zeitreihenanalyse";""
4;"101027";"101027";"Dynamische Systeme";""
4;"101028";"101028";"Mathematische Modellierung";""
4;"101029";"101029";"Mathematische Statistik";""
4;"101030";"101030";"Zuverlässigkeitstheorie";""
4;"101031";"101031";"Approximationstheorie";""
4;"101032";"101032";"Funktionalanalysis";""
2;"102";"102";"Informatik";""
3;"1020";"1020";"Informatik";""
4;"102001";"102001";"Artificial Intelligence";""
4;"102002";"102002";"Augmented Reality";""
4;"102003";"102003";"Bildverarbeitung";""
4;"102004";"102004";"Bioinformatik";""
4;"102005";"102005";"Computer Aided Design (CAD)";""
4;"102006";"102006";"Computer Supported Cooperative Work (CSCW)";""
4;"102007";"102007";"Computeranimation";""
4;"102008";"102008";"Computergraphik";""
4;"102009";"102009";"Computersimulation";""
4;"102010";"102010";"Datenbanksysteme";""
4;"102011";"102011";"Formale Sprachen";""
4;"102012";"102012";"Geschichte der Informatik";""
4;"102013";"102013";"Human-Computer Interaction";""
4;"102014";"102014";"Informationsdesign";""
4;"102015";"102015";"Informationssysteme";""
4;"102016";"102016";"IT-Sicherheit";""
4;"102017";"102017";"Kryptologie";""
4;"102018";"102018";"Künstliche Neuronale Netze";""
4;"102019";"102019";"Machine Learning";""
4;"102020";"102020";"Medizinische Informatik";""
4;"102021";"102021";"Pervasive Computing";""
4;"102022";"102022";"Softwareentwicklung";""
4;"102023";"102023";"Supercomputing";""
4;"102024";"102024";"Usability Research";""
4;"102025";"102025";"Verteilte Systeme";""
4;"102026";"102026";"Virtual Reality";""
4;"102027";"102027";"Web Engineering";""
4;"102028";"102028";"Knowledge Engineering";""
4;"102029";"102029";"Praktische Informatik";""
4;"102030";"102030";"Semantische Technologien";""
4;"102031";"102031";"Theoretische Informatik";""
4;"102032";"102032";"Computational Intelligence";""
4;"102033";"102033";"Data Mining";""
4;"102034";"102034";"Cyber-Physical Systems";""
4;"102035";"102035";"Data Science";""
4;"102036";"102036";"Digitale Barrierefreiheit";""
4;"102037";"102037";"Visualisierung";""
2;"103";"103";"Physik, Astronomie";""
3;"1030";"1030";"Physik, Astronomie";""
4;"103001";"103001";"Aerodynamik";""
4;"103002";"103002";"Akustik";""
4;"103003";"103003";"Astronomie";""
4;"103004";"103004";"Astrophysik";""
4;"103005";"103005";"Atomphysik";""
4;"103006";"103006";"Chemische Physik";""
4;"103007";"103007";"Dosimetrie";""
4;"103008";"103008";"Experimentalphysik";""
4;"103009";"103009";"Festkörperphysik";""
4;"103010";"103010";"Geschichte der Physik";""
4;"103011";"103011";"Halbleiterphysik";""
4;"103012";"103012";"Hochenergiephysik";""
4;"103013";"103013";"Ionenphysik";""
4;"103014";"103014";"Kernphysik";""
4;"103015";"103015";"Kondensierte Materie";""
4;"103016";"103016";"Laserphysik";""
4;"103017";"103017";"Magnetismus";""
4;"103018";"103018";"Materialphysik";""
4;"103019";"103019";"Mathematische Physik";""
4;"103020";"103020";"Oberflächenphysik";""
4;"103021";"103021";"Optik";""
4;"103022";"103022";"Plasmaphysik";""
4;"103023";"103023";"Polymerphysik";""
4;"103024";"103024";"Quantenfeldtheorie";""
4;"103025";"103025";"Quantenmechanik";""
4;"103026";"103026";"Quantenoptik";""
4;"103027";"103027";"Reaktorphysik";""
4;"103028";"103028";"Relativitätstheorie";""
4;"103029";"103029";"Statistische Physik";""
4;"103030";"103030";"Strahlenphysik";""
4;"103031";"103031";"Strahlenschutz";""
4;"103032";"103032";"Strömungslehre";""
4;"103033";"103033";"Supraleitung";""
4;"103034";"103034";"Teilchenphysik";""
4;"103035";"103035";"Theoretische Mechanik";""
4;"103036";"103036";"Theoretische Physik";""
4;"103037";"103037";"Umweltphysik";""
4;"103038";"103038";"Weltraumforschung";""
4;"103039";"103039";"Aerosolphysik";""
4;"103040";"103040";"Photonik";""
4;"103041";"103041";"Astroteilchenphysik";""
4;"103042";"103042";"Elektronenmikroskopie";""
4;"103043";"103043";"Computational Physics";""
4;"103044";"103044";"Kosmologie";""
2;"104";"104";"Chemie";""
3;"1040";"1040";"Chemie";""
4;"104001";"104001";"Allgemeine Chemie";""
4;"104002";"104002";"Analytische Chemie";""
4;"104003";"104003";"Anorganische Chemie";""
4;"104004";"104004";"Chemische Biologie";""
4;"104005";"104005";"Elektrochemie";""
4;"104006";"104006";"Festkörperchemie";""
4;"104007";"104007";"Geschichte der Chemie";""
4;"104008";"104008";"Katalyse";""
4;"104009";"104009";"Lebensmittelchemie";""
4;"104010";"104010";"Makromolekulare Chemie";""
4;"104011";"104011";"Materialchemie";""
4;"104012";"104012";"Mikroanalyse";""
4;"104013";"104013";"Naturstoffchemie";""
4;"104014";"104014";"Oberflächenchemie";""
4;"104015";"104015";"Organische Chemie";""
4;"104016";"104016";"Photochemie";""
4;"104017";"104017";"Physikalische Chemie";""
4;"104018";"104018";"Polymerchemie";""
4;"104019";"104019";"Polymerwissenschaften";""
4;"104020";"104020";"Radiochemie";""
4;"104021";"104021";"Strukturchemie";""
4;"104022";"104022";"Theoretische Chemie";""
4;"104023";"104023";"Umweltchemie";""
4;"104024";"104024";"Röntgenstrukturanalyse";""
4;"104025";"104025";"Single-Molecule Chemistry";""
4;"104026";"104026";"Spektroskopie";""
4;"104027";"104027";"Computational Chemistry";""
2;"105";"105";"Geowissenschaften";""
3;"1051";"1051";"Geologie, Mineralogie";""
4;"105101";"105101";"Allgemeine Geologie";""
4;"105102";"105102";"Allgemeine Geophysik";""
4;"105103";"105103";"Erdölgeologie";""
4;"105104";"105104";"Erosion";""
4;"105105";"105105";"Geochemie";""
4;"105106";"105106";"Geodynamik";""
4;"105107";"105107";"Geoelektrik";""
4;"105108";"105108";"Geostatistik";""
4;"105109";"105109";"Geothermik";""
4;"105110";"105110";"Geschichte der Geologie";""
4;"105111";"105111";"Gravimetrie";""
4;"105112";"105112";"Historische Geologie";""
4;"105113";"105113";"Kristallographie";""
4;"105114";"105114";"Kulturgeologie";""
4;"105115";"105115";"Magnetik";""
4;"105116";"105116";"Mineralogie";""
4;"105117";"105117";"Paläobotanik";""
4;"105118";"105118";"Paläontologie";""
4;"105119";"105119";"Petrographie";""
4;"105120";"105120";"Petrologie";""
4;"105121";"105121";"Sedimentologie";""
4;"105122";"105122";"Seismik";""
4;"105123";"105123";"Stratigraphie";""
4;"105124";"105124";"Tektonik";""
4;"105125";"105125";"Petrophysik";""
4;"105126";"105126";"Angewandte Geophysik";""
4;"105127";"105127";"Geochronologie";""
4;"105128";"105128";"Geomikrobiologie";""
3;"1052";"1052";"Meteorologie, Klimatologie";""
4;"105201";"105201";"Aeronomie";""
4;"105202";"105202";"Agrarmeteorologie";""
4;"105203";"105203";"Bioklimatologie";""
4;"105204";"105204";"Klimatologie";""
4;"105205";"105205";"Klimawandel";""
4;"105206";"105206";"Meteorologie";""
4;"105207";"105207";"Gebirgsmeteorologie";""
4;"105208";"105208";"Atmosphärenchemie";""
3;"1053";"1053";"Hydrologie";""
4;"105301";"105301";"Gewässerschutz";""
4;"105302";"105302";"Hydrochemie";""
4;"105303";"105303";"Hydrogeologie";""
4;"105304";"105304";"Hydrologie";""
4;"105305";"105305";"Hydrometrie";""
4;"105306";"105306";"Ozeanographie";""
4;"105307";"105307";"Wassergüte";""
4;"105308";"105308";"Wasserressourcen";""
3;"1054";"1054";"Physische Geographie";""
4;"105401";"105401";"Biogeographie";""
4;"105402";"105402";"Bodengeographie";""
4;"105403";"105403";"Geoinformatik";""
4;"105404";"105404";"Geomorphologie";""
4;"105405";"105405";"Geoökologie";""
4;"105406";"105406";"Geschichte der Geographie";""
4;"105407";"105407";"Kartographie";""
4;"105408";"105408";"Physische Geographie";""
4;"105409";"105409";"Topographie";""
3;"1059";"1059";"Sonstige und interdisziplinäre Geowissenschaften";""
4;"105901";"105901";"Glaziologie";""
4;"105902";"105902";"Naturgefahren";""
4;"105903";"105903";"Speläologie";""
4;"105904";"105904";"Umweltforschung";""
4;"105905";"105905";"Umweltschutz";""
4;"105906";"105906";"Umweltgeowissenschaften";""
4;"105907";"105907";"Polarforschung";""
2;"106";"106";"Biologie";""
3;"1060";"1060";"Biologie";""
4;"106001";"106001";"Allgemeine Biologie";""
4;"106002";"106002";"Biochemie";""
4;"106003";"106003";"Biodiversitätsforschung";""
4;"106004";"106004";"Bioethik";""
4;"106005";"106005";"Bioinformatik";""
4;"106006";"106006";"Biophysik";""
4;"106007";"106007";"Biostatistik";""
4;"106008";"106008";"Botanik";""
4;"106009";"106009";"Chronobiologie";""
4;"106010";"106010";"Entwicklungsbiologie";""
4;"106011";"106011";"3R (Replacement, Reduction, Refinement von Tierversuchen)";""
4;"106012";"106012";"Evolutionsforschung";""
4;"106013";"106013";"Genetik";""
4;"106014";"106014";"Genomik";""
4;"106015";"106015";"Geobotanik";""
4;"106016";"106016";"Geschichte der Biologie";""
4;"106017";"106017";"Glykobiologie";""
4;"106018";"106018";"Humanbiologie";""
4;"106019";"106019";"Hydrobiologie";""
4;"106020";"106020";"Limnologie";""
4;"106021";"106021";"Meeresbiologie";""
4;"106022";"106022";"Mikrobiologie";""
4;"106023";"106023";"Molekularbiologie";""
4;"106024";"106024";"Mykologie";""
4;"106025";"106025";"Neurobiologie";""
4;"106026";"106026";"Ökosystemforschung";""
4;"106027";"106027";"Ökotoxikologie";""
4;"106028";"106028";"Pflanzenanatomie";""
4;"106029";"106029";"Pflanzenmorphologie";""
4;"106030";"106030";"Pflanzenökologie";""
4;"106031";"106031";"Pflanzenphysiologie";""
4;"106032";"106032";"Photobiologie";""
4;"106033";"106033";"Phylogenie";""
4;"106034";"106034";"Phytochemie";""
4;"106035";"106035";"Phytogeographie";""
4;"106036";"106036";"Populationsgenetik";""
4;"106037";"106037";"Proteomik";""
4;"106038";"106038";"Reproduktionsbiologie";""
4;"106039";"106039";"Stammzellenforschung";""
4;"106040";"106040";"Strahlenbiologie";""
4;"106041";"106041";"Strukturbiologie";""
4;"106042";"106042";"Systematische Botanik";""
4;"106043";"106043";"Systematische Zoologie";""
4;"106044";"106044";"Systembiologie";""
4;"106045";"106045";"Theoretische Biologie";""
4;"106046";"106046";"Tieranatomie";""
4;"106047";"106047";"Tierökologie";""
4;"106048";"106048";"Tierphysiologie";""
4;"106049";"106049";"Ultrastrukturforschung";""
4;"106050";"106050";"Vegetationskunde";""
4;"106051";"106051";"Verhaltensbiologie";""
4;"106052";"106052";"Zellbiologie";""
4;"106053";"106053";"Zoogeographie";""
4;"106054";"106054";"Zoologie";""
4;"106055";"106055";"Aerobiologie";""
4;"106056";"106056";"Biologische Anthropologie";""
4;"106057";"106057";"Metabolomik";""
4;"106058";"106058";"Bodenbiologie";""
4;"106059";"106059";"Mikrobiomforschung";""
4;"106060";"106060";"Tierethik";""
2;"107";"107";"Andere Naturwissenschaften";""
3;"1070";"1070";"Andere Naturwissenschaften";""
4;"107001";"107001";"Archäometrie";""
4;"107002";"107002";"Bionik";""
4;"107003";"107003";"Geschichte der Naturwissenschaften";""
4;"107004";"107004";"Humanökologie";""
4;"107005";"107005";"Lebensmitteluntersuchung";""
4;"107006";"107006";"Naturschutz";""
4;"107007";"107007";"Risikoforschung";""
4;"107008";"107008";"Archäobotanik";""
4;"107009";"107009";"Archäozoologie";""
4;"107010";"107010";"Geoarchäologie";""
1;"2";"2";"TECHNISCHE WISSENSCHAFTEN";""
2;"201";"201";"Bauwesen";""
3;"2011";"2011";"Bauingenieurwesen";""
4;"201101";"201101";"Baubetrieb";""
4;"201102";"201102";"Baudynamik";""
4;"201103";"201103";"Bauphysik";""
4;"201104";"201104";"Baustatik";""
4;"201105";"201105";"Baustofflehre";""
4;"201106";"201106";"Bautechnik";""
4;"201107";"201107";"Betriebsfestigkeit";""
4;"201108";"201108";"Bruchmechanik";""
4;"201109";"201109";"Brückenbau";""
4;"201110";"201110";"Festigkeitslehre";""
4;"201111";"201111";"Flussbau";""
4;"201112";"201112";"Hochbau";""
4;"201113";"201113";"Holzbau";""
4;"201114";"201114";"Industriebau";""
4;"201115";"201115";"Konstruktiver Wasserbau";""
4;"201116";"201116";"Landwirtschaftliches Bauwesen";""
4;"201117";"201117";"Leichtbau";""
4;"201118";"201118";"Siedlungswasserbau";""
4;"201119";"201119";"Stahlbau";""
4;"201120";"201120";"Stahlbetonbau";""
4;"201121";"201121";"Straßenbau";""
4;"201122";"201122";"Technischer Hochwasserschutz";""
4;"201123";"201123";"Tiefbau";""
4;"201124";"201124";"Tragwerkslehre";""
4;"201125";"201125";"Wasserbau";""
4;"201126";"201126";"Wasserkraftanlagenbau";""
4;"201127";"201127";"Wildbach- und Lawinenverbauung";""
4;"201128";"201128";"Nachhaltiges Bauen";""
4;"201129";"201129";"Erdbebeningenieurwesen";""
4;"201130";"201130";"Konstruktiver Glasbau";""
4;"201131";"201131";"Baugeschichte";""
4;"201132";"201132";"Computational Engineering";""
3;"2012";"2012";"Architektur";""
4;"201201";"201201";"Architekturgeschichte";""
4;"201202";"201202";"Architekturmodellbau";""
4;"201203";"201203";"Architekturtheorie";""
4;"201204";"201204";"Barrierefreies Bauen";""
4;"201205";"201205";"Bauforschung";""
4;"201206";"201206";"Entwerfen";""
4;"201207";"201207";"Gebäudelehre";""
4;"201208";"201208";"Industriearchitektur";""
4;"201209";"201209";"Innenarchitektur";""
4;"201210";"201210";"Landschaftsarchitektur";""
4;"201211";"201211";"Solararchitektur";""
4;"201212";"201212";"Städtebau";""
4;"201213";"201213";"Wohnbau";""
4;"201214";"201214";"Experimentelle Architektur";""
4;"201215";"201215";"Baukulturelles Erbe";""
3;"2013";"2013";"Verkehrswesen";""
4;"201301";"201301";"Bahnbau";""
4;"201302";"201302";"Eisenbahnwesen";""
4;"201303";"201303";"Seilbahnwesen";""
4;"201304";"201304";"Straßenbau";""
4;"201305";"201305";"Verkehrstechnik";""
4;"201306";"201306";"Verkehrstelematik";""
4;"201307";"201307";"Verkehrswirtschaft";""
3;"2019";"2019";"Sonstiges Bauwesen";""
4;"201901";"201901";"Altbausanierung";""
4;"201902";"201902";"Bauökologie";""
4;"201903";"201903";"Ingenieurbiologie";""
4;"201904";"201904";"Vegetationstechnik";""
4;"201905";"201905";"Bauen im Bestand";""
4;"201906";"201906";"Bauwerksbegrünung";""
2;"202";"202";"Elektrotechnik, Elektronik, Informationstechnik";""
3;"2020";"2020";"Elektrotechnik, Elektronik, Informationstechnik";""
4;"202001";"202001";"Audiotechnik";""
4;"202002";"202002";"Audiovisuelle Medien";""
4;"202003";"202003";"Automatisierungstechnik";""
4;"202004";"202004";"Brain-Computer Interface";""
4;"202005";"202005";"Computer Architektur";""
4;"202006";"202006";"Computer Hardware";""
4;"202007";"202007";"Computer Integrated Manufacturing (CIM)";""
4;"202008";"202008";"Elektrische Anlagen";""
4;"202009";"202009";"Elektrische Antriebstechnik";""
4;"202010";"202010";"Elektrische Energietechnik";""
4;"202011";"202011";"Elektrische Maschinen";""
4;"202012";"202012";"Elektrische Messtechnik";""
4;"202013";"202013";"Elektromagnetische Verträglichkeit";""
4;"202014";"202014";"Elektromagnetismus";""
4;"202015";"202015";"Elektronik";""
4;"202016";"202016";"Elektrotechnik";""
4;"202017";"202017";"Embedded Systems";""
4;"202018";"202018";"Halbleiterelektronik";""
4;"202019";"202019";"Hochfrequenztechnik";""
4;"202020";"202020";"Hochspannungstechnik";""
4;"202021";"202021";"Industrielle Elektronik";""
4;"202022";"202022";"Informationstechnik";""
4;"202023";"202023";"Integrierte Schaltkreise";""
4;"202024";"202024";"Lasertechnik";""
4;"202025";"202025";"Leistungselektronik";""
4;"202026";"202026";"Lichttechnik";""
4;"202027";"202027";"Mechatronik";""
4;"202028";"202028";"Mikroelektronik";""
4;"202029";"202029";"Mikrowellentechnik";""
4;"202030";"202030";"Nachrichtentechnik";""
4;"202031";"202031";"Netzwerktechnik";""
4;"202032";"202032";"Photovoltaik";""
4;"202033";"202033";"Radartechnik";""
4;"202034";"202034";"Regelungstechnik";""
4;"202035";"202035";"Robotik";""
4;"202036";"202036";"Sensorik";""
4;"202037";"202037";"Signalverarbeitung";""
4;"202038";"202038";"Telekommunikation";""
4;"202039";"202039";"Theoretische Elektrotechnik";""
4;"202040";"202040";"Übertragungstechnik";""
4;"202041";"202041";"Technische Informatik";""
4;"202042";"202042";"Optische Nachrichtentechnik";""
4;"202043";"202043";"Netzwerksicherheit";""
2;"203";"203";"Maschinenbau";""
3;"2030";"2030";"Maschinenbau";""
4;"203001";"203001";"Apparatebau";""
4;"203002";"203002";"Betriebsfestigkeit";""
4;"203003";"203003";"Bruchmechanik";""
4;"203004";"203004";"Fahrzeugtechnik";""
4;"203005";"203005";"Feinwerktechnik";""
4;"203006";"203006";"Fertigungstechnik";""
4;"203007";"203007";"Festigkeitslehre";""
4;"203008";"203008";"Fördertechnik";""
4;"203009";"203009";"Kältetechnik";""
4;"203010";"203010";"Klimatechnik";""
4;"203011";"203011";"Leichtbau";""
4;"203012";"203012";"Luftfahrttechnik";""
4;"203013";"203013";"Maschinenbau";""
4;"203014";"203014";"Maschinendynamik";""
4;"203015";"203015";"Mechatronik";""
4;"203016";"203016";"Messtechnik";""
4;"203017";"203017";"Mikromechanik";""
4;"203018";"203018";"Montanmaschinenbau";""
4;"203019";"203019";"Reaktortechnik";""
4;"203020";"203020";"Schweißtechnik";""
4;"203021";"203021";"Strömungsmaschinen";""
4;"203022";"203022";"Technische Mechanik";""
4;"203023";"203023";"Thermische Turbomaschinen";""
4;"203024";"203024";"Thermodynamik";""
4;"203025";"203025";"Tribologie";""
4;"203026";"203026";"Umformtechnik";""
4;"203027";"203027";"Verbrennungskraftmaschinen";""
4;"203028";"203028";"Wärmetechnik";""
4;"203029";"203029";"Werkzeugbau";""
4;"203030";"203030";"Brennstoffzellentechnik";""
4;"203031";"203031";"Konstruktionslehre";""
4;"203032";"203032";"Generative Fertigungsverfahren";""
4;"203033";"203033";"Hydraulische Antriebstechnik";""
4;"203034";"203034";"Kontinuumsmechanik";""
4;"203035";"203035";"Thermoprozesstechnik";""
4;"203036";"203036";"Waffen- und Munitionstechnik";""
4;"203037";"203037";"Computational Engineering";""
4;"203038";"203038";"Lüftungstechnik";""
2;"204";"204";"Chemische Verfahrenstechnik";""
3;"2040";"2040";"Chemische Verfahrenstechnik";""
4;"204001";"204001";"Anorganisch-chemische Technologie";""
4;"204002";"204002";"Chemische Reaktionstechnik";""
4;"204003";"204003";"Chemische Verfahrenstechnik";""
4;"204004";"204004";"Organisch-chemische Technologie";""
4;"204005";"204005";"Raffinerietechnik";""
4;"204006";"204006";"Mechanische Verfahrenstechnik";""
4;"204007";"204007";"Thermische Verfahrenstechnik";""
4;"204008";"204008";"Membrantechnologie";""
2;"205";"205";"Werkstofftechnik";""
3;"2050";"2050";"Werkstofftechnik";""
4;"205001";"205001";"Baustoffprüfung";""
4;"205002";"205002";"Beschichtungstechnik";""
4;"205003";"205003";"Feuerfeste Materialien";""
4;"205004";"205004";"Funktionsmaterialien";""
4;"205005";"205005";"Gesteinshüttenkunde";""
4;"205006";"205006";"Holzforschung";""
4;"205007";"205007";"Holzschutzmittel";""
4;"205008";"205008";"Holztechnologie";""
4;"205009";"205009";"Keramische Werkstoffe";""
4;"205010";"205010";"Korrosionsschutzmittel";""
4;"205011";"205011";"Kunststofftechnik";""
4;"205012";"205012";"Kunststoffverarbeitung";""
4;"205013";"205013";"Schadensanalytik";""
4;"205014";"205014";"Textiltechnik";""
4;"205015";"205015";"Verbundwerkstoffe";""
4;"205016";"205016";"Werkstoffprüfung";""
4;"205017";"205017";"Werkstofftechnik";""
4;"205018";"205018";"Zellstoff- und Papiertechnik";""
4;"205019";"205019";"Materialwissenschaften";""
2;"206";"206";"Medizintechnik";""
3;"2060";"2060";"Medizintechnik";""
4;"206001";"206001";"Biomedizinische Technik";""
4;"206002";"206002";"Elektromedizinische Technik";""
4;"206003";"206003";"Medizinische Physik";""
4;"206004";"206004";"Medizintechnik";""
4;"206005";"206005";"Prothetik";""
4;"206006";"206006";"Rehabilitationstechnik";""
2;"207";"207";"Umweltingenieurwesen, Angewandte Geowissenschaften";""
3;"2071";"2071";"Umwelttechnik";""
4;"207101";"207101";"Abfalltechnik";""
4;"207102";"207102";"Abluftreinigung";""
4;"207103";"207103";"Abwasserreinigung";""
4;"207104";"207104";"Altlastensanierung";""
4;"207105";"207105";"Deponietechnik";""
4;"207106";"207106";"Erneuerbare Energie";""
4;"207107";"207107";"Luftreinhaltung";""
4;"207108";"207108";"Recycling";""
4;"207109";"207109";"Schadstoffemission";""
4;"207110";"207110";"Technischer Umweltschutz";""
4;"207111";"207111";"Umwelttechnik";""
4;"207112";"207112";"Wasseraufbereitung";""
4;"207113";"207113";"Wasserinfrastruktur";""
4;"207114";"207114";"Wasserwirtschaft";""
3;"2072";"2072";"Ingenieurgeologie, Geotechnik";""
4;"207201";"207201";"Bodenmechanik";""
4;"207202";"207202";"Erdbau";""
4;"207203";"207203";"Felsmechanik";""
4;"207204";"207204";"Geotechnik";""
4;"207205";"207205";"Grundbau";""
4;"207206";"207206";"Ingenieurgeologie";""
4;"207207";"207207";"Tunnelbau";""
4;"207208";"207208";"Tunnelbelüftung";""
3;"2073";"2073";"Bergbau, Erdölgewinnung";""
4;"207301";"207301";"Aufbereitung mineralischer Rohstoffe";""
4;"207302";"207302";"Bergbaukunde";""
4;"207303";"207303";"Bergschadenkunde";""
4;"207304";"207304";"Erdgasgewinnung";""
4;"207305";"207305";"Erdgastechnik";""
4;"207306";"207306";"Erdölgeologie";""
4;"207307";"207307";"Erdölgewinnung";""
4;"207308";"207308";"Erdöltechnik";""
4;"207309";"207309";"Geschichte des Bergbaus";""
4;"207310";"207310";"Gewinnung mineralischer Rohstoffe";""
4;"207311";"207311";"Lagerstättenkunde";""
4;"207312";"207312";"Markscheidekunde";""
4;"207313";"207313";"Tiefbohrtechnik";""
4;"207314";"207314";"Untertagebau";""
3;"2074";"2074";"Geodäsie, Vermessungswesen";""
4;"207401";"207401";"3D-Vermessung";""
4;"207402";"207402";"Fernerkundung";""
4;"207403";"207403";"Geodäsie";""
4;"207404";"207404";"Geoinformatik";""
4;"207405";"207405";"Ingenieurgeodäsie";""
4;"207406";"207406";"Kartographie";""
4;"207407";"207407";"Katastervermessung";""
4;"207408";"207408";"Landesvermessung";""
4;"207409";"207409";"Navigationssysteme";""
4;"207410";"207410";"Photogrammetrie";""
4;"207411";"207411";"Satellitengeodäsie";""
4;"207412";"207412";"Satellitengestützte Koordinatenmessung";""
4;"207413";"207413";"Vermessungswesen";""
3;"2079";"2079";"Sonstiges Umweltingenieurwesen, Angewandte Geowissenschaften";""
4;"207901";"207901";"Offshore-Technik";""
4;"207902";"207902";"Computational Geosciences";""
2;"208";"208";"Umweltbiotechnologie";""
3;"2080";"2080";"Umweltbiotechnologie";""
4;"208001";"208001";"Bioremediation";""
4;"208002";"208002";"Ethik in der Umweltbiotechnologie";""
4;"208003";"208003";"Umweltbiotechnologie";""
2;"209";"209";"Industrielle Biotechnologie";""
3;"2090";"2090";"Industrielle Biotechnologie";""
4;"209001";"209001";"Biokatalyse";""
4;"209002";"209002";"Bioprozesstechnik";""
4;"209003";"209003";"Biotreibstoffe";""
4;"209004";"209004";"Enzymtechnologie";""
4;"209005";"209005";"Fermentation";""
4;"209006";"209006";"Industrielle Biotechnologie";""
2;"210";"210";"Nanotechnologie";""
3;"2100";"2100";"Nanotechnologie";""
4;"210001";"210001";"Nanoanalytik";""
4;"210002";"210002";"Nanobiotechnologie";""
4;"210003";"210003";"Nanoelektronik";""
4;"210004";"210004";"Nanomaterialien";""
4;"210005";"210005";"Nanophotonik";""
4;"210006";"210006";"Nanotechnologie";""
2;"211";"211";"Andere Technische Wissenschaften";""
3;"2111";"2111";"Metallurgie";""
4;"211101";"211101";"Eisen- und Stahlmetallurgie";""
4;"211102";"211102";"Gießereitechnik";""
4;"211103";"211103";"Metallkunde";""
4;"211104";"211104";"Metallurgie";""
4;"211105";"211105";"Nichteisenmetallurgie";""
4;"211106";"211106";"Leichtmetalle";""
4;"211107";"211107";"Sekundärmetallurgie";""
3;"2112";"2112";"Lebensmitteltechnologie";""
4;"211201";"211201";"Getreidetechnologie";""
4;"211202";"211202";"Lebensmitteltechnologie";""
4;"211203";"211203";"Lebensmittelverfahrenstechnik";""
4;"211204";"211204";"Fleischtechnologie";""
3;"2119";"2119";"Sonstige Technische Wissenschaften";""
4;"211901";"211901";"Abfallvermeidung";""
4;"211902";"211902";"Assistierende Technologien";""
4;"211903";"211903";"Betriebswissenschaften";""
4;"211904";"211904";"Biomechanik";""
4;"211905";"211905";"Bionik";""
4;"211906";"211906";"Brandschutz";""
4;"211907";"211907";"Energieeinsparung";""
4;"211908";"211908";"Energieforschung";""
4;"211909";"211909";"Energietechnik";""
4;"211910";"211910";"Lärmschutz";""
4;"211911";"211911";"Nachhaltige Technologien";""
4;"211912";"211912";"Produktgestaltung";""
4;"211913";"211913";"Qualitätssicherung";""
4;"211914";"211914";"Risikoforschung";""
4;"211915";"211915";"Solartechnik";""
4;"211916";"211916";"Sprengtechnik";""
4;"211917";"211917";"Technikfolgenabschätzung";""
4;"211918";"211918";"Technikgeschichte";""
4;"211919";"211919";"Thermographie";""
4;"211920";"211920";"Verpackungstechnik";""
4;"211921";"211921";"Zivil- und Katastrophenschutz";""
4;"211922";"211922";"Energiespeicherung";""
4;"211923";"211923";"Fabrikplanung";""
4;"211924";"211924";"Prozess- und Anlagensicherheit";""
4;"211925";"211925";"Explosionsforschung";""
4;"211926";"211926";"Technikethik";""
1;"3";"3";"HUMANMEDIZIN, GESUNDHEITSWISSENSCHAFTEN";""
2;"301";"301";"Medizinisch-theoretische Wissenschaften, Pharmazie";""
3;"3011";"3011";"Anatomie, Pathologie, Physiologie";""
4;"301101";"301101";"Allgemeine Pathologie";""
4;"301102";"301102";"Anatomie";""
4;"301103";"301103";"Diagnostik in der Medizin";""
4;"301104";"301104";"Embryologie";""
4;"301105";"301105";"Experimentelle Pathologie";""
4;"301106";"301106";"Funktionelle Anatomie";""
4;"301107";"301107";"Histologie";""
4;"301108";"301108";"Molekulare Pathologie";""
4;"301109";"301109";"Pathophysiologie";""
4;"301110";"301110";"Physiologie";""
4;"301111";"301111";"Röntgenanatomie";""
4;"301112";"301112";"Systematische Anatomie";""
4;"301113";"301113";"Topographische Anatomie";""
4;"301114";"301114";"Zellbiologie";""
4;"301115";"301115";"Sonoanatomie";""
3;"3012";"3012";"Pharmazie, Pharmakologie, Toxikologie";""
4;"301201";"301201";"Arzneimittel-, Arzneistoffanalyse";""
4;"301202";"301202";"Geschichte der Pharmazie";""
4;"301203";"301203";"Pharmakodynamik";""
4;"301204";"301204";"Pharmakognosie";""
4;"301205";"301205";"Pharmakokinetik";""
4;"301206";"301206";"Pharmakologie";""
4;"301207";"301207";"Pharmazeutische Chemie";""
4;"301208";"301208";"Pharmazeutische Technologie";""
4;"301209";"301209";"Pharmazie";""
4;"301210";"301210";"Psychopharmakologie";""
4;"301211";"301211";"Toxikologie";""
4;"301212";"301212";"Klinische Pharmazie";""
4;"301213";"301213";"Drug Targeting";""
4;"301214";"301214";"Biopharmazie";""
4;"301215";"301215";"Arzneimittelsicherheit";""
3;"3013";"3013";"Medizinische Biochemie, Humangenetik";""
4;"301301";"301301";"Humangenetik";""
4;"301302";"301302";"Lipidforschung";""
4;"301303";"301303";"Medizinische Biochemie";""
4;"301304";"301304";"Medizinische Biologie";""
4;"301305";"301305";"Medizinische Chemie";""
4;"301306";"301306";"Medizinische Molekularbiologie";""
4;"301307";"301307";"Zytogenetik";""
4;"301308";"301308";"Alternsforschung";""
3;"3014";"3014";"Neurowissenschaften";""
4;"301401";"301401";"Hirnforschung";""
4;"301402";"301402";"Neurobiologie";""
4;"301403";"301403";"Neurochemie";""
4;"301404";"301404";"Neuroimmunologie";""
4;"301405";"301405";"Neuropathologie";""
4;"301406";"301406";"Neuropharmakologie";""
4;"301407";"301407";"Neurophysiologie";""
4;"301408";"301408";"Psychophysiologie";""
4;"301409";"301409";"Neuroanatomie";""
3;"3019";"3019";"Sonstige Medizinisch-theoretische Wissenschaften";""
4;"301901";"301901";"Blutgruppenserologie";""
4;"301902";"301902";"Immunologie";""
4;"301903";"301903";"Impfstoffentwicklung";""
4;"301904";"301904";"Krebsforschung";""
4;"301905";"301905";"Psychoneuroimmunologie";""
4;"301906";"301906";"Serologie";""
4;"301907";"301907";"Biobanking";""
2;"302";"302";"Klinische Medizin";""
3;"3020";"3020";"Klinische Medizin";""
4;"302001";"302001";"Akupunktur";""
4;"302002";"302002";"Allergologie";""
4;"302003";"302003";"Allgemeinchirurgie";""
4;"302004";"302004";"Anästhesiologie";""
4;"302005";"302005";"Andrologie";""
4;"302006";"302006";"Angiologie";""
4;"302007";"302007";"Augenheilkunde";""
4;"302008";"302008";"Balneologie";""
4;"302009";"302009";"Chemotherapie";""
4;"302010";"302010";"Computertomographie (CT)";""
4;"302011";"302011";"Dermatologie";""
4;"302012";"302012";"Diabetologie";""
4;"302013";"302013";"Diagnostik in der Medizin";""
4;"302014";"302014";"Endokrinologie";""
4;"302015";"302015";"Experimentelle Chirurgie";""
4;"302016";"302016";"Gastroenterologie";""
4;"302017";"302017";"Geburtshilfe";""
4;"302018";"302018";"Gefäßchirurgie";""
4;"302019";"302019";"Geriatrie";""
4;"302020";"302020";"Gerontologie";""
4;"302021";"302021";"Geschichte der Psychiatrie";""
4;"302022";"302022";"Gynäkologie";""
4;"302023";"302023";"Hals-, Nasen-, Ohrenheilkunde";""
4;"302024";"302024";"Hämatologie";""
4;"302025";"302025";"Hepatologie";""
4;"302026";"302026";"Herzchirurgie";""
4;"302027";"302027";"Hör-, Stimm- und Sprachstörungen";""
4;"302028";"302028";"Hyperbare Medizin";""
4;"302029";"302029";"Implantologie";""
4;"302030";"302030";"Innere Medizin";""
4;"302031";"302031";"Intensivmedizin";""
4;"302032";"302032";"Kardiologie";""
4;"302033";"302033";"Kieferchirurgie";""
4;"302034";"302034";"Kieferorthopädie";""
4;"302035";"302035";"Kinder- und Jugendheilkunde";""
4;"302036";"302036";"Kinder- und Jugendpsychiatrie";""
4;"302037";"302037";"Kinderchirurgie";""
4;"302038";"302038";"Klinische Neuropsychologie";""
4;"302039";"302039";"Komplementärmedizin";""
4;"302040";"302040";"Labordiagnostik";""
4;"302041";"302041";"Laserchirurgie";""
4;"302042";"302042";"Logopädie";""
4;"302043";"302043";"Magnetresonanztomographie (MRT)";""
4;"302044";"302044";"Medizinische Physik";""
4;"302045";"302045";"Medizinische Psychologie";""
4;"302046";"302046";"Medizinische Psychotherapie";""
4;"302047";"302047";"Mikrochirurgie";""
4;"302048";"302048";"Minimal-invasive Chirurgie";""
4;"302049";"302049";"Neonatologie";""
4;"302050";"302050";"Nephrologie";""
4;"302051";"302051";"Neurochirurgie";""
4;"302052";"302052";"Neurologie";""
4;"302053";"302053";"Notfallmedizin";""
4;"302054";"302054";"Nuklearmedizin";""
4;"302055";"302055";"Onkologie";""
4;"302056";"302056";"Onkologische Chirurgie";""
4;"302057";"302057";"Orthopädie";""
4;"302058";"302058";"Palliativmedizin";""
4;"302059";"302059";"Parodontologie";""
4;"302060";"302060";"Perinatologie";""
4;"302061";"302061";"Physikalische Medizin";""
4;"302062";"302062";"Plastische und Rekonstruktive Chirurgie";""
4;"302063";"302063";"Polytraumaversorgung";""
4;"302064";"302064";"Pränatale Diagnostik";""
4;"302065";"302065";"Psychiatrie";""
4;"302066";"302066";"Psychopathologie";""
4;"302067";"302067";"Psychosomatik";""
4;"302068";"302068";"Pulmologie";""
4;"302069";"302069";"Radiochirurgie";""
4;"302070";"302070";"Radiodiagnostik";""
4;"302071";"302071";"Radiologie";""
4;"302072";"302072";"Rheumatologie";""
4;"302073";"302073";"Schlafmedizin";""
4;"302074";"302074";"Schmerzmedizin";""
4;"302075";"302075";"Sonographie";""
4;"302076";"302076";"Sozialpsychiatrie";""
4;"302077";"302077";"Stammzellentransplantation";""
4;"302078";"302078";"Stoffwechselerkrankungen";""
4;"302079";"302079";"Strahlenschutz";""
4;"302080";"302080";"Strahlentherapie";""
4;"302081";"302081";"Thoraxchirurgie";""
4;"302082";"302082";"Transfusionsmedizin";""
4;"302083";"302083";"Transplantationschirurgie";""
4;"302084";"302084";"Transplantationsmedizin";""
4;"302085";"302085";"Unfallchirurgie";""
4;"302086";"302086";"Urologie";""
4;"302087";"302087";"Venerologie";""
4;"302088";"302088";"Zahn-, Mund- und Kieferheilkunde";""
4;"302089";"302089";"Reproduktionsmedizin";""
4;"302090";"302090";"Allgemeinmedizin";""
4;"302091";"302091";"Immuntherapie";""
4;"302092";"302092";"Orale Chirurgie";""
4;"302093";"302093";"Zahnerhaltungskunde";""
2;"303";"303";"Gesundheitswissenschaften";""
3;"3030";"3030";"Gesundheitswissenschaften";""
4;"303001";"303001";"Arbeitsmedizin";""
4;"303002";"303002";"Bakteriologie";""
4;"303003";"303003";"Berufskrankheiten";""
4;"303004";"303004";"Bewegungswissenschaft";""
4;"303005";"303005";"Biomechanik des Sports";""
4;"303006";"303006";"Diätologie";""
4;"303007";"303007";"Epidemiologie";""
4;"303008";"303008";"Ergonomie";""
4;"303009";"303009";"Ernährungswissenschaften";""
4;"303010";"303010";"Gesundheitsökonomie";""
4;"303011";"303011";"Gesundheitspolitik";""
4;"303012";"303012";"Gesundheitswissenschaften";""
4;"303013";"303013";"Hygiene";""
4;"303014";"303014";"Impfschutz";""
4;"303015";"303015";"Krankenhaushygiene";""
4;"303016";"303016";"Krankenhausmanagement";""
4;"303017";"303017";"Lebensmittelhygiene";""
4;"303018";"303018";"Lufthygiene";""
4;"303019";"303019";"Medizinische Ethik";""
4;"303020";"303020";"Medizinische Mikrobiologie";""
4;"303021";"303021";"Medizinische Rehabilitation";""
4;"303022";"303022";"Palliativpflege";""
4;"303023";"303023";"Parasitologie";""
4;"303024";"303024";"Pflegewissenschaft";""
4;"303025";"303025";"Präventivmedizin";""
4;"303026";"303026";"Public Health";""
4;"303027";"303027";"Sozialmedizin";""
4;"303028";"303028";"Sportwissenschaft";""
4;"303029";"303029";"Suchtforschung";""
4;"303030";"303030";"Trainingswissenschaft";""
4;"303031";"303031";"Tropenmedizin";""
4;"303032";"303032";"Umwelthygiene";""
4;"303033";"303033";"Umweltmedizin";""
4;"303034";"303034";"Virologie";""
4;"303035";"303035";"Wasserhygiene";""
4;"303036";"303036";"Patientensicherheit";""
4;"303037";"303037";"Ergotherapie";""
4;"303038";"303038";"Physiotherapie";""
4;"303039";"303039";"Radiologietechnologie";""
4;"303040";"303040";"Versorgungsforschung";""
2;"304";"304";"Medizinische Biotechnologie";""
3;"3040";"3040";"Medizinische Biotechnologie";""
4;"304001";"304001";"Ethik in der Medizinischen Biotechnologie";""
4;"304002";"304002";"Genetische Diagnostik";""
4;"304003";"304003";"Gentechnik";""
4;"304004";"304004";"Gentherapie";""
4;"304005";"304005";"Medizinische Biotechnologie";""
4;"304006";"304006";"Pharmakogenomik";""
4;"304007";"304007";"Tissue Engineering";""
4;"304008";"304008";"Regenerative Medizin";""
2;"305";"305";"Andere Humanmedizin, Gesundheitswissenschaften";""
3;"3051";"3051";"Gerichtsmedizin";""
4;"305101";"305101";"Blutspurenanalyse";""
4;"305102";"305102";"DNA-Analyse (Gerichtsmedizin)";""
4;"305103";"305103";"Forensische Biologie";""
4;"305104";"305104";"Forensische Chemie";""
4;"305105";"305105";"Forensische Psychiatrie";""
4;"305106";"305106";"Forensische Radiologie";""
4;"305107";"305107";"Forensische Toxikologie";""
4;"305108";"305108";"Gerichtliche Humanmedizin";""
4;"305109";"305109";"Forensische Anthropologie";""
3;"3059";"3059";"Sonstige Humanmedizin, Gesundheitswissenschaften";""
4;"305901";"305901";"Computerunterstützte Diagnose und Therapie";""
4;"305902";"305902";"Gender Medizin";""
4;"305903";"305903";"Geschichte der Medizin";""
4;"305904";"305904";"Medizinische Dokumentation";""
4;"305905";"305905";"Medizinische Informatik";""
4;"305906";"305906";"Medizinische Kybernetik";""
4;"305907";"305907";"Medizinische Statistik";""
4;"305908";"305908";"Sportmedizin";""
4;"305909";"305909";"Stressforschung";""
4;"305910";"305910";"Verkehrsmedizin";""
1;"4";"4";"AGRARWISSENSCHAFTEN, VETERINÄRMEDIZIN";""
2;"401";"401";"Land- und Forstwirtschaft, Fischerei";""
3;"4011";"4011";"Ackerbau, Gartenbau";""
4;"401101";"401101";"Ackerbau";""
4;"401102";"401102";"Bewässerungswirtschaft";""
4;"401103";"401103";"Gartenbau";""
4;"401104";"401104";"Gemüsebau";""
4;"401105";"401105";"Getreidebau";""
4;"401106";"401106";"Landschaftspflege";""
4;"401107";"401107";"Landtechnik";""
4;"401108";"401108";"Obstbau";""
4;"401109";"401109";"Ökologischer Landbau";""
4;"401110";"401110";"Pflanzenbau";""
4;"401111";"401111";"Pflanzenernährung";""
4;"401112";"401112";"Pflanzenschutz";""
4;"401113";"401113";"Pflanzenzucht";""
4;"401114";"401114";"Saatzucht";""
4;"401115";"401115";"Samenzucht";""
4;"401116";"401116";"Spezialkulturen";""
4;"401117";"401117";"Weinbau";""
4;"401118";"401118";"Zierpflanzenbau";""
4;"401119";"401119";"Feldfutterbau";""
3;"4012";"4012";"Forst- und Holzwirtschaft";""
4;"401201";"401201";"Forstentomologie";""
4;"401202";"401202";"Forstpathologie";""
4;"401203";"401203";"Forstschutz";""
4;"401204";"401204";"Forsttechnik";""
4;"401205";"401205";"Forstwirtschaft";""
4;"401206";"401206";"Holzwirtschaft";""
4;"401207";"401207";"Waldbau";""
4;"401208";"401208";"Waldökologie";""
4;"401209";"401209";"Waldwachstum";""
3;"4019";"4019";"Sonstige Land- und Forstwirtschaft, Fischerei";""
4;"401901";"401901";"Bodenerosion";""
4;"401902";"401902";"Bodenkunde";""
4;"401903";"401903";"Fischerei";""
4;"401904";"401904";"Geschichte der Land- und Forstwirtschaft";""
4;"401905";"401905";"Nachwachsende Rohstoffe";""
4;"401906";"401906";"Jagdwirtschaft";""
2;"402";"402";"Tierzucht, Tierproduktion";""
3;"4020";"4020";"Tierzucht, Tierproduktion";""
4;"402001";"402001";"Bienenkunde";""
4;"402002";"402002";"Fischkunde";""
4;"402003";"402003";"Fleischhygiene";""
4;"402004";"402004";"Fleischproduktion";""
4;"402005";"402005";"Futtermittelanalyse";""
4;"402006";"402006";"Haustierzucht";""
4;"402007";"402007";"Imkerei";""
4;"402008";"402008";"Künstliche Besamung";""
4;"402009";"402009";"Lebensmitteluntersuchung";""
4;"402010";"402010";"Milchhygiene";""
4;"402011";"402011";"Milchproduktion";""
4;"402012";"402012";"Nutztierethologie";""
4;"402013";"402013";"Tierernährung";""
4;"402014";"402014";"Tierhaltung";""
4;"402015";"402015";"Tierproduktion";""
4;"402016";"402016";"Tierschutz";""
4;"402017";"402017";"Tierzucht";""
4;"402018";"402018";"Labortierkunde";""
2;"403";"403";"Veterinärmedizin";""
3;"4030";"4030";"Veterinärmedizin";""
4;"403001";"403001";"Anästhesiologie (Veterinärmedizin)";""
4;"403002";"403002";"Anatomie (Veterinärmedizin)";""
4;"403003";"403003";"Andrologie (Veterinärmedizin)";""
4;"403004";"403004";"Augenheilkunde (Veterinärmedizin)";""
4;"403005";"403005";"Bakteriologie (Veterinärmedizin)";""
4;"403006";"403006";"Bildgebende Diagnostik (Veterinärmedizin)";""
4;"403007";"403007";"Chirurgie (Veterinärmedizin)";""
4;"403008";"403008";"Diagnostik (Veterinärmedizin)";""
4;"403009";"403009";"Embryologie (Veterinärmedizin)";""
4;"403010";"403010";"Geburtshilfe (Veterinärmedizin)";""
4;"403011";"403011";"Gerichtliche Veterinärmedizin";""
4;"403012";"403012";"Geschichte der Veterinärmedizin";""
4;"403013";"403013";"Gynäkologie (Veterinärmedizin)";""
4;"403014";"403014";"Histologie (Veterinärmedizin)";""
4;"403015";"403015";"Hygiene (Veterinärmedizin)";""
4;"403016";"403016";"Immunologie (Veterinärmedizin)";""
4;"403017";"403017";"Interne Medizin (Veterinärmedizin)";""
4;"403018";"403018";"Labordiagnostik (Veterinärmedizin)";""
4;"403019";"403019";"Medizinische Biochemie (Veterinärmedizin)";""
4;"403020";"403020";"Medizinische Chemie (Veterinärmedizin)";""
4;"403021";"403021";"Neurologie (Veterinärmedizin)";""
4;"403022";"403022";"Orthopädie (Veterinärmedizin)";""
4;"403023";"403023";"Parasitologie (Veterinärmedizin)";""
4;"403024";"403024";"Pathologie (Veterinärmedizin)";""
4;"403025";"403025";"Pharmakologie (Veterinärmedizin)";""
4;"403026";"403026";"Physiologie (Veterinärmedizin)";""
4;"403027";"403027";"Phytotherapie (Veterinärmedizin)";""
4;"403028";"403028";"Tierernährung";""
4;"403029";"403029";"Tierseuchenbekämpfung";""
4;"403030";"403030";"Toxikologie (Veterinärmedizin)";""
4;"403031";"403031";"Virologie (Veterinärmedizin)";""
4;"403032";"403032";"Zahnheilkunde (Veterinärmedizin)";""
4;"403033";"403033";"Regenerative Medizin (Veterinärmedizin)";""
4;"403034";"403034";"Schmerzmedizin (Veterinärmedizin)";""
4;"403035";"403035";"Bestandsbetreuung";""
4;"403036";"403036";"Intensivmedizin (Veterinärmedizin)";""
2;"404";"404";"Agrarbiotechnologie, Lebensmittelbiotechnologie";""
3;"4040";"4040";"Agrarbiotechnologie, Lebensmittelbiotechnologie";""
4;"404001";"404001";"Agrarbiotechnologie";""
4;"404002";"404002";"Biopharming";""
4;"404003";"404003";"Ethik in der Agrar- und Lebensmittelbiotechnologie";""
4;"404004";"404004";"Fermentation";""
4;"404005";"404005";"Gärungstechnologie";""
4;"404006";"404006";"Gentechnik";""
4;"404007";"404007";"Lebensmittelbiotechnologie";""
2;"405";"405";"Andere Agrarwissenschaften";""
3;"4050";"4050";"Andere Agrarwissenschaften";""
4;"405001";"405001";"Agrarökologie";""
4;"405002";"405002";"Agrarökonomie";""
4;"405003";"405003";"Agrarpolitik";""
4;"405004";"405004";"Nachhaltige Landwirtschaft";""
4;"405005";"405005";"Wildtierkunde";""
4;"405006";"405006";"Agrarsoziologie";""
4;"405007";"405007";"Wildtiermanagement";""
1;"5";"5";"SOZIALWISSENSCHAFTEN";""
2;"501";"501";"Psychologie";""
3;"5010";"5010";"Psychologie";""
4;"501001";"501001";"Allgemeine Psychologie";""
4;"501002";"501002";"Angewandte Psychologie";""
4;"501003";"501003";"Arbeitspsychologie";""
4;"501004";"501004";"Differentielle Psychologie";""
4;"501005";"501005";"Entwicklungspsychologie";""
4;"501006";"501006";"Experimentalpsychologie";""
4;"501007";"501007";"Geschichte der Psychologie";""
4;"501008";"501008";"Gruppendynamik";""
4;"501009";"501009";"Kinder- und Jugendpsychologie";""
4;"501010";"501010";"Klinische Psychologie";""
4;"501011";"501011";"Kognitionspsychologie";""
4;"501012";"501012";"Medienpsychologie";""
4;"501013";"501013";"Motivationspsychologie";""
4;"501014";"501014";"Neuropsychologie";""
4;"501015";"501015";"Organisationspsychologie";""
4;"501016";"501016";"Pädagogische Psychologie";""
4;"501017";"501017";"Psychoanalyse";""
4;"501018";"501018";"Psychologische Diagnostik";""
4;"501019";"501019";"Psychotherapie";""
4;"501020";"501020";"Rechtspsychologie";""
4;"501021";"501021";"Sozialpsychologie";""
4;"501022";"501022";"Suizidologie";""
4;"501023";"501023";"Tiefenpsychologie";""
4;"501024";"501024";"Verhaltenstherapie";""
4;"501025";"501025";"Verkehrspsychologie";""
4;"501026";"501026";"Wahrnehmungspsychologie";""
4;"501027";"501027";"Musiktherapie";""
4;"501028";"501028";"Psychosoziale Notfallversorgung (PSNV)";""
4;"501029";"501029";"Wirtschaftspsychologie";""
4;"501030";"501030";"Kognitionswissenschaft";""
2;"502";"502";"Wirtschaftswissenschaften";""
3;"5020";"5020";"Wirtschaftswissenschaften";""
4;"502001";"502001";"Arbeitsmarktpolitik";""
4;"502002";"502002";"Arbeitsmarkttheorie";""
4;"502003";"502003";"Außenhandel";""
4;"502004";"502004";"Bankbetriebslehre";""
4;"502005";"502005";"Bildungsökonomie";""
4;"502006";"502006";"Controlling";""
4;"502007";"502007";"E-Commerce";""
4;"502008";"502008";"Entwicklungsökonomie";""
4;"502009";"502009";"Finanzwirtschaft";""
4;"502010";"502010";"Finanzwissenschaft";""
4;"502011";"502011";"Genossenschaftswesen";""
4;"502012";"502012";"Industriebetriebslehre";""
4;"502013";"502013";"Industrieökonomik";""
4;"502014";"502014";"Innovationsforschung";""
4;"502015";"502015";"Innovationsmanagement";""
4;"502016";"502016";"KMU-Forschung";""
4;"502017";"502017";"Logistik";""
4;"502018";"502018";"Makroökonomie";""
4;"502019";"502019";"Marketing";""
4;"502020";"502020";"Marktforschung";""
4;"502021";"502021";"Mikroökonomie";""
4;"502022";"502022";"Nachhaltiges Wirtschaften";""
4;"502023";"502023";"NPO-Forschung";""
4;"502024";"502024";"Öffentliche Wirtschaft";""
4;"502025";"502025";"Ökonometrie";""
4;"502026";"502026";"Personalmanagement";""
4;"502027";"502027";"Politische Ökonomie";""
4;"502028";"502028";"Produktionswirtschaft";""
4;"502029";"502029";"Produktmanagement";""
4;"502030";"502030";"Projektmanagement";""
4;"502031";"502031";"Public Management";""
4;"502032";"502032";"Qualitätsmanagement";""
4;"502033";"502033";"Rechnungswesen";""
4;"502034";"502034";"Regulierungsökonomik";""
4;"502035";"502035";"Revisions- und Treuhandwesen";""
4;"502036";"502036";"Risikomanagement";""
4;"502037";"502037";"Standortplanung";""
4;"502038";"502038";"Steuerlehre";""
4;"502039";"502039";"Strukturpolitik";""
4;"502040";"502040";"Tourismusforschung";""
4;"502041";"502041";"Umweltmanagement";""
4;"502042";"502042";"Umweltökonomie";""
4;"502043";"502043";"Unternehmensberatung";""
4;"502044";"502044";"Unternehmensführung";""
4;"502045";"502045";"Verhaltensökonomie";""
4;"502046";"502046";"Volkswirtschaftspolitik";""
4;"502047";"502047";"Volkswirtschaftstheorie";""
4;"502048";"502048";"Wirtschaftsethik";""
4;"502049";"502049";"Wirtschaftsgeschichte";""
4;"502050";"502050";"Wirtschaftsinformatik";""
4;"502051";"502051";"Wirtschaftsstatistik";""
4;"502052";"502052";"Betriebswirtschaftslehre";""
4;"502053";"502053";"Volkswirtschaftslehre";""
4;"502054";"502054";"Entrepreneurship";""
4;"502055";"502055";"Verteilungsökonomie";""
4;"502056";"502056";"Wirtschaftsprüfung";""
4;"502057";"502057";"Experimentelle Ökonomie";""
4;"502058";"502058";"Digitale Transformation";""
4;"502059";"502059";"Kreislaufwirtschaft";""
2;"503";"503";"Erziehungswissenschaften";""
3;"5030";"5030";"Erziehungswissenschaften";""
4;"503001";"503001";"Allgemeine Pädagogik";""
4;"503002";"503002";"Angewandte Pädagogik";""
4;"503003";"503003";"Begabungsforschung";""
4;"503004";"503004";"Berufskunde";""
4;"503005";"503005";"Berufspädagogik";""
4;"503006";"503006";"Bildungsforschung";""
4;"503007";"503007";"Didaktik";""
4;"503008";"503008";"E-Learning";""
4;"503009";"503009";"Erwachsenenbildung";""
4;"503010";"503010";"Fachdidaktik Agrarwissenschaften, Veterinärmedizin";""
4;"503011";"503011";"Fachdidaktik Geisteswissenschaften";""
4;"503012";"503012";"Fachdidaktik Humanmedizin, Gesundheitswissenschaften";""
4;"503013";"503013";"Fachdidaktik Naturwissenschaften";""
4;"503014";"503014";"Fachdidaktik Sozialwissenschaften";""
4;"503015";"503015";"Fachdidaktik Technische Wissenschaften";""
4;"503016";"503016";"Freizeitpädagogik";""
4;"503017";"503017";"Geschichte der Pädagogik";""
4;"503018";"503018";"Hochschuldidaktik";""
4;"503019";"503019";"Kunstpädagogik";""
4;"503020";"503020";"Medienpädagogik";""
4;"503021";"503021";"Museumspädagogik";""
4;"503022";"503022";"Musikpädagogik";""
4;"503023";"503023";"Qualifikationsforschung";""
4;"503024";"503024";"Religionspädagogik";""
4;"503025";"503025";"Schulpädagogik";""
4;"503026";"503026";"Sonder- und Heilpädagogik";""
4;"503027";"503027";"Sozialpädagogik";""
4;"503028";"503028";"Sportpädagogik";""
4;"503029";"503029";"Sprachlehrforschung";""
4;"503030";"503030";"Wirtschaftspädagogik";""
4;"503031";"503031";"Elementarpädagogik";""
4;"503032";"503032";"Lehr- und Lernforschung";""
4;"503033";"503033";"Politische Bildung";""
4;"503034";"503034";"Inklusive Pädagogik";""
4;"503035";"503035";"Sexualpädagogik";""
4;"503036";"503036";"Stimmforschung";""
2;"504";"504";"Soziologie";""
3;"5040";"5040";"Soziologie";""
4;"504001";"504001";"Allgemeine Soziologie";""
4;"504002";"504002";"Arbeitssoziologie";""
4;"504003";"504003";"Armut und soziale Ausgrenzung";""
4;"504004";"504004";"Bevölkerungsstatistik";""
4;"504005";"504005";"Bildungssoziologie";""
4;"504006";"504006";"Demographie";""
4;"504007";"504007";"Empirische Sozialforschung";""
4;"504008";"504008";"Ethnographie";""
4;"504009";"504009";"Ethnologie";""
4;"504010";"504010";"Europäische Ethnologie";""
4;"504011";"504011";"Familienforschung";""
4;"504012";"504012";"Freizeitforschung";""
4;"504013";"504013";"Gender Mainstreaming";""
4;"504014";"504014";"Gender Studies";""
4;"504015";"504015";"Geschichte der Soziologie";""
4;"504016";"504016";"Jugendsoziologie";""
4;"504017";"504017";"Kulturanthropologie";""
4;"504018";"504018";"Kultursoziologie";""
4;"504019";"504019";"Mediensoziologie";""
4;"504020";"504020";"Medizinsoziologie";""
4;"504021";"504021";"Migrationsforschung";""
4;"504022";"504022";"Musiksoziologie";""
4;"504023";"504023";"Politische Soziologie";""
4;"504024";"504024";"Rechtssoziologie";""
4;"504025";"504025";"Religionssoziologie";""
4;"504026";"504026";"Sozialgeschichte";""
4;"504027";"504027";"Spezielle Soziologie";""
4;"504028";"504028";"Techniksoziologie";""
4;"504029";"504029";"Umweltsoziologie";""
4;"504030";"504030";"Wirtschaftssoziologie";""
4;"504031";"504031";"Diversitätsforschung";""
2;"505";"505";"Rechtswissenschaften";""
3;"5050";"5050";"Rechtswissenschaften";""
4;"505001";"505001";"Arbeitsrecht";""
4;"505002";"505002";"Datenschutz";""
4;"505003";"505003";"Europarecht";""
4;"505004";"505004";"Finanzrecht";""
4;"505005";"505005";"Geistiges Eigentum";""
4;"505006";"505006";"Grundrechte";""
4;"505007";"505007";"Insolvenzrecht";""
4;"505008";"505008";"Kriminologie";""
4;"505009";"505009";"Mediation";""
4;"505010";"505010";"Medizinrecht";""
4;"505011";"505011";"Menschenrechte";""
4;"505012";"505012";"Öffentliches Recht";""
4;"505013";"505013";"Privatrecht";""
4;"505014";"505014";"Rechtsgeschichte";""
4;"505015";"505015";"Rechtsinformatik";""
4;"505016";"505016";"Rechtstheorie";""
4;"505017";"505017";"Rechtsvergleichung";""
4;"505018";"505018";"Religionsrecht";""
4;"505019";"505019";"Römisches Recht";""
4;"505020";"505020";"Sozialrecht";""
4;"505021";"505021";"Staatsrecht";""
4;"505022";"505022";"Steuerrecht";""
4;"505023";"505023";"Strafprozessrecht";""
4;"505024";"505024";"Strafrecht";""
4;"505025";"505025";"Unternehmensrecht";""
4;"505026";"505026";"Verfassungsrecht";""
4;"505027";"505027";"Verwaltungslehre";""
4;"505028";"505028";"Verwaltungsrecht";""
4;"505029";"505029";"Völkerrecht";""
4;"505030";"505030";"Wirtschaftsrecht";""
4;"505031";"505031";"Zivilrecht";""
4;"505032";"505032";"Zivilverfahrensrecht";""
4;"505033";"505033";"Antidiskriminierungsrecht";""
4;"505034";"505034";"Bank- und Kapitalmarktrecht";""
4;"505035";"505035";"Baurecht";""
4;"505036";"505036";"Energierecht";""
4;"505037";"505037";"Familien- und Erbrecht";""
4;"505038";"505038";"Marken- und Patentrecht";""
4;"505039";"505039";"Medienrecht";""
4;"505040";"505040";"Sportrecht";""
4;"505041";"505041";"Umweltrecht";""
4;"505042";"505042";"Verkehrsrecht";""
4;"505043";"505043";"Wettbewerbs- und Kartellrecht";""
4;"505044";"505044";"Gesellschaftsrecht";""
4;"505045";"505045";"Hochschulrecht";""
4;"505046";"505046";"Luft- und Weltraumrecht";""
4;"505047";"505047";"Allgemeines Verfahrensrecht";""
4;"505048";"505048";"Sachenrecht";""
4;"505049";"505049";"Schiedsverfahrensrecht";""
4;"505050";"505050";"Tierschutzrecht";""
4;"505051";"505051";"Rechtsethik";""
4;"505052";"505052";"Versicherungsrecht";""
4;"505053";"505053";"Verwaltungsverfahrensrecht";""
2;"506";"506";"Politikwissenschaften";""
3;"5060";"5060";"Politikwissenschaften";""
4;"506001";"506001";"Allgemeine Staatslehre";""
4;"506002";"506002";"E-Government";""
4;"506003";"506003";"Entwicklungspolitik";""
4;"506004";"506004";"Europäische Integration";""
4;"506005";"506005";"Forschungspolitik";""
4;"506006";"506006";"Friedensforschung";""
4;"506007";"506007";"Internationale Beziehungen";""
4;"506008";"506008";"Konfliktforschung";""
4;"506009";"506009";"Organisationstheorie";""
4;"506010";"506010";"Politikfeldanalyse";""
4;"506011";"506011";"Politische Geschichte";""
4;"506012";"506012";"Politische Systeme";""
4;"506013";"506013";"Politische Theorie";""
4;"506014";"506014";"Vergleichende Politikwissenschaft";""
4;"506015";"506015";"Asylpolitik";""
4;"506016";"506016";"Migrationspolitik";""
4;"506017";"506017";"Wissenschafts- und Technologiepolitik";""
4;"506018";"506018";"Terrorismusforschung";""
2;"507";"507";"Humangeographie, Regionale Geographie, Raumplanung";""
3;"5070";"5070";"Humangeographie, Regionale Geographie, Raumplanung";""
4;"507001";"507001";"Angewandte Geographie";""
4;"507002";"507002";"Bevölkerungsgeographie";""
4;"507003";"507003";"Geoinformatik";""
4;"507004";"507004";"Geschichte der Geographie";""
4;"507005";"507005";"Kulturgeographie";""
4;"507006";"507006";"Kulturlandschaftsforschung";""
4;"507007";"507007";"Landesplanung";""
4;"507008";"507008";"Landschaftsplanung";""
4;"507009";"507009";"Örtliche Raumplanung";""
4;"507010";"507010";"Politische Geographie";""
4;"507011";"507011";"Raumforschung";""
4;"507012";"507012";"Raumordnung";""
4;"507013";"507013";"Regionale Geographie";""
4;"507014";"507014";"Regionalentwicklung";""
4;"507015";"507015";"Regionalforschung";""
4;"507016";"507016";"Regionalökonomie";""
4;"507017";"507017";"Sozialgeographie";""
4;"507018";"507018";"Stadt-, Dorferneuerung";""
4;"507019";"507019";"Stadtentwicklungsplanung";""
4;"507020";"507020";"Stadtforschung";""
4;"507021";"507021";"Stadtgeschichte";""
4;"507022";"507022";"Stadtplanung";""
4;"507023";"507023";"Standortentwicklung";""
4;"507024";"507024";"Umweltpolitik";""
4;"507025";"507025";"Verkehrsplanung";""
4;"507026";"507026";"Wirtschaftsgeographie";""
4;"507027";"507027";"Nachhaltige Stadtentwicklung";""
4;"507028";"507028";"Kartographie";""
4;"507029";"507029";"Stadtökologie";""
2;"508";"508";"Medien- und Kommunikationswissenschaften";""
3;"5080";"5080";"Medien- und Kommunikationswissenschaften";""
4;"508001";"508001";"Archivwesen";""
4;"508002";"508002";"Audiovisuelle Medien";""
4;"508003";"508003";"Bibliothekswissenschaft";""
4;"508004";"508004";"Interkulturelle Kommunikation";""
4;"508005";"508005";"Journalistik";""
4;"508006";"508006";"Kommunikationstheorie";""
4;"508007";"508007";"Kommunikationswissenschaft";""
4;"508008";"508008";"Medienanalyse";""
4;"508009";"508009";"Medienforschung";""
4;"508010";"508010";"Mediengeschichte";""
4;"508011";"508011";"Medientheorie";""
4;"508012";"508012";"Medienwirkungsforschung";""
4;"508013";"508013";"Public Relations";""
4;"508014";"508014";"Publizistik";""
4;"508015";"508015";"Wirtschaftskommunikation";""
4;"508016";"508016";"Wissenschaftskommunikation";""
4;"508017";"508017";"Organisationskommunikation";""
4;"508018";"508018";"Rezeptionsforschung";""
4;"508019";"508019";"Medienethik";""
4;"508020";"508020";"Politische Kommunikation";""
4;"508021";"508021";"Medienwissenschaft";""
2;"509";"509";"Andere Sozialwissenschaften";""
3;"5090";"5090";"Andere Sozialwissenschaften";""
4;"509001";"509001";"Aktionsforschung";""
4;"509002";"509002";"Disability Studies";""
4;"509003";"509003";"Entwicklungszusammenarbeit";""
4;"509004";"509004";"Evaluationsforschung";""
4;"509005";"509005";"Gerontologie";""
4;"509006";"509006";"Geschichte der Sozialwissenschaften";""
4;"509007";"509007";"Graffiti-Forschung";""
4;"509008";"509008";"Kinderforschung, Jugendforschung";""
4;"509009";"509009";"Militärstrategische Forschung";""
4;"509010";"509010";"Minderheitenforschung";""
4;"509011";"509011";"Organisationsentwicklung";""
4;"509012";"509012";"Sozialpolitik";""
4;"509013";"509013";"Sozialstatistik";""
4;"509014";"509014";"Spielforschung";""
4;"509015";"509015";"Unfallforschung";""
4;"509016";"509016";"Verkehrswirtschaft";""
4;"509017";"509017";"Wissenschaftsforschung";""
4;"509018";"509018";"Wissensmanagement";""
4;"509019";"509019";"Zukunftsforschung";""
4;"509020";"509020";"Militärethik";""
4;"509021";"509021";"Militärwissenschaft";""
4;"509022";"509022";"Polemologie";""
4;"509023";"509023";"Entwicklungsforschung";""
4;"509024";"509024";"Sicherheitsforschung";""
4;"509025";"509025";"Technikforschung";""
4;"509026";"509026";"Digitalisierungsforschung";""
1;"6";"6";"GEISTESWISSENSCHAFTEN";""
2;"601";"601";"Geschichte, Archäologie";""
3;"6010";"6010";"Geschichte, Archäologie";""
4;"601001";"601001";"Alte Geschichte";""
4;"601002";"601002";"Altertumskunde";""
4;"601003";"601003";"Archäologie";""
4;"601004";"601004";"Epigraphik";""
4;"601005";"601005";"Europäische Geschichte";""
4;"601006";"601006";"Frühgeschichte";""
4;"601007";"601007";"Geschichtliche Landeskunde";""
4;"601008";"601008";"Geschichtswissenschaft";""
4;"601009";"601009";"Historische Hilfswissenschaften";""
4;"601010";"601010";"Klassische Archäologie";""
4;"601011";"601011";"Kodikologie";""
4;"601012";"601012";"Mittelalterliche Geschichte";""
4;"601013";"601013";"Museologie";""
4;"601014";"601014";"Neuere Geschichte";""
4;"601015";"601015";"Numismatik";""
4;"601016";"601016";"Österreichische Geschichte";""
4;"601017";"601017";"Paläographie";""
4;"601018";"601018";"Papyrologie";""
4;"601019";"601019";"Quellenkunde";""
4;"601020";"601020";"Regionalgeschichte";""
4;"601021";"601021";"Urgeschichte";""
4;"601022";"601022";"Zeitgeschichte";""
4;"601023";"601023";"Globalgeschichte";""
4;"601024";"601024";"Archäologische Prospektion";""
4;"601025";"601025";"Experimentelle Archäologie";""
4;"601026";"601026";"Virtuelle Archäologie";""
4;"601027";"601027";"Wüstungsforschung";""
4;"601028";"601028";"Geschlechtergeschichte";""
4;"601029";"601029";"Sozialgeschichte";""
2;"602";"602";"Sprach- und Literaturwissenschaften";""
3;"6020";"6020";"Sprach- und Literaturwissenschaften";""
4;"602001";"602001";"Afrikanistik";""
4;"602002";"602002";"Ägyptologie";""
4;"602003";"602003";"Allgemeine Literaturwissenschaft";""
4;"602004";"602004";"Allgemeine Sprachwissenschaft";""
4;"602005";"602005";"Amerikanistik";""
4;"602006";"602006";"Angewandte Literaturwissenschaft";""
4;"602007";"602007";"Angewandte Sprachwissenschaft";""
4;"602008";"602008";"Anglistik";""
4;"602009";"602009";"Arabistik";""
4;"602010";"602010";"Byzantinistik";""
4;"602011";"602011";"Computerlinguistik";""
4;"602012";"602012";"Finno-Ugristik";""
4;"602013";"602013";"Gebärdensprachforschung";""
4;"602014";"602014";"Germanistik";""
4;"602015";"602015";"Gräzistik";""
4;"602016";"602016";"Hermeneutik";""
4;"602017";"602017";"Indogermanistik";""
4;"602018";"602018";"Indologie";""
4;"602019";"602019";"Iranistik";""
4;"602020";"602020";"Japanologie";""
4;"602021";"602021";"Jiddistik";""
4;"602022";"602022";"Judaistik";""
4;"602023";"602023";"Keltologie";""
4;"602024";"602024";"Klassische Philologie";""
4;"602025";"602025";"Klinische Linguistik";""
4;"602026";"602026";"Kognitive Linguistik";""
4;"602027";"602027";"Koptologie";""
4;"602028";"602028";"Koreanistik";""
4;"602029";"602029";"Latinistik";""
4;"602030";"602030";"Lexikographie";""
4;"602031";"602031";"Literaturgeschichte";""
4;"602032";"602032";"Mundartforschung";""
4;"602033";"602033";"Namenforschung";""
4;"602034";"602034";"Nederlandistik";""
4;"602035";"602035";"Neogräzistik";""
4;"602036";"602036";"Neurolinguistik";""
4;"602037";"602037";"Orientalistik";""
4;"602038";"602038";"Phonetik";""
4;"602039";"602039";"Phonologie";""
4;"602040";"602040";"Psycholinguistik";""
4;"602041";"602041";"Rhetorik";""
4;"602042";"602042";"Romanistik";""
4;"602043";"602043";"Semiotik";""
4;"602044";"602044";"Semitistik";""
4;"602045";"602045";"Sinologie";""
4;"602046";"602046";"Skandinavistik";""
4;"602047";"602047";"Slawistik";""
4;"602048";"602048";"Soziolinguistik";""
4;"602049";"602049";"Terminologielehre";""
4;"602050";"602050";"Tibetologie";""
4;"602051";"602051";"Translationswissenschaft";""
4;"602052";"602052";"Turkologie";""
4;"602053";"602053";"Vergleichende Literaturwissenschaft";""
4;"602054";"602054";"Vergleichende Sprachwissenschaft";""
4;"602055";"602055";"Patholinguistik";""
4;"602056";"602056";"Altorientalistik";""
4;"602057";"602057";"Historische Linguistik";""
4;"602058";"602058";"Korpuslinguistik";""
4;"602059";"602059";"Schreibwissenschaft";""
2;"603";"603";"Philosophie, Ethik, Religion";""
3;"6031";"6031";"Philosophie, Ethik";""
4;"603101";"603101";"Ästhetik";""
4;"603102";"603102";"Erkenntnistheorie";""
4;"603103";"603103";"Ethik";""
4;"603104";"603104";"Geschichte der Philosophie";""
4;"603105";"603105";"Geschichtsphilosophie";""
4;"603106";"603106";"Hermeneutik";""
4;"603107";"603107";"Ideologiekritik";""
4;"603108";"603108";"Kulturphilosophie";""
4;"603109";"603109";"Logik";""
4;"603110";"603110";"Metaphysik";""
4;"603111";"603111";"Naturphilosophie";""
4;"603112";"603112";"Phänomenologie";""
4;"603113";"603113";"Philosophie";""
4;"603114";"603114";"Philosophie des Geistes";""
4;"603115";"603115";"Philosophische Anthropologie";""
4;"603116";"603116";"Politische Philosophie";""
4;"603117";"603117";"Rechtsphilosophie";""
4;"603118";"603118";"Religionsphilosophie";""
4;"603119";"603119";"Sozialphilosophie";""
4;"603120";"603120";"Sprachphilosophie";""
4;"603121";"603121";"Staatsphilosophie";""
4;"603122";"603122";"Technikphilosophie";""
4;"603123";"603123";"Wissenschaftsgeschichte";""
4;"603124";"603124";"Wissenschaftstheorie";""
4;"603125";"603125";"Metaethik";""
4;"603126";"603126";"Interkulturelle Philosophie";""
3;"6032";"6032";"Theologie";""
4;"603201";"603201";"Alttestamentliche Bibelwissenschaft";""
4;"603202";"603202";"Christliche Archäologie";""
4;"603203";"603203";"Christliche Philosophie";""
4;"603204";"603204";"Christliche Sozialethik";""
4;"603205";"603205";"Dogmatische Theologie";""
4;"603206";"603206";"Fundamentaltheologie";""
4;"603207";"603207";"Homiletik";""
4;"603208";"603208";"Interkulturelle Theologie";""
4;"603209";"603209";"Kanonisches Recht";""
4;"603210";"603210";"Katechetik";""
4;"603211";"603211";"Kirchengeschichte";""
4;"603212";"603212";"Liturgiewissenschaft";""
4;"603213";"603213";"Moraltheologie";""
4;"603214";"603214";"Neutestamentliche Bibelwissenschaft";""
4;"603215";"603215";"Ökumenische Theologie";""
4;"603216";"603216";"Pastoralpsychologie";""
4;"603217";"603217";"Pastoraltheologie";""
4;"603218";"603218";"Patrologie";""
4;"603219";"603219";"Praktische Theologie";""
4;"603220";"603220";"Seelsorge";""
4;"603221";"603221";"Spirituelle Theologie";""
4;"603222";"603222";"Systematische Theologie";""
4;"603223";"603223";"Theologische Anthropologie";""
3;"6039";"6039";"Sonstige Religion, Religionswissenschaften";""
4;"603901";"603901";"Atheismus";""
4;"603902";"603902";"Buddhismus";""
4;"603903";"603903";"Exegese";""
4;"603904";"603904";"Hinduismus";""
4;"603905";"603905";"Islam";""
4;"603906";"603906";"Jüdische Religion";""
4;"603907";"603907";"Kirchenrecht";""
4;"603908";"603908";"Religionsgeschichte";""
4;"603909";"603909";"Religionswissenschaft";""
4;"603910";"603910";"Religionspsychologie";""
2;"604";"604";"Kunstwissenschaften";""
3;"6040";"6040";"Kunstwissenschaften";""
4;"604001";"604001";"Angewandte Kunst";""
4;"604002";"604002";"Architektonische Gestaltung";""
4;"604003";"604003";"Aufführungspraxis";""
4;"604004";"604004";"Bildende Kunst";""
4;"604005";"604005";"Bühnengestaltung";""
4;"604006";"604006";"Darstellende Kunst";""
4;"604007";"604007";"Denkmalpflege";""
4;"604008";"604008";"Design";""
4;"604009";"604009";"Ethnomusikologie";""
4;"604010";"604010";"Filmgestaltung";""
4;"604011";"604011";"Filmwissenschaft";""
4;"604012";"604012";"Fotografie";""
4;"604013";"604013";"Gartenkunst";""
4;"604014";"604014";"Gesang";""
4;"604015";"604015";"Industrial Design";""
4;"604016";"604016";"Jazzforschung";""
4;"604017";"604017";"Kirchenmusik";""
4;"604018";"604018";"Konservierung und Restaurierung";""
4;"604019";"604019";"Kunstgeschichte";""
4;"604020";"604020";"Kunsttheorie";""
4;"604021";"604021";"Medienkunst";""
4;"604022";"604022";"Musikgeschichte";""
4;"604023";"604023";"Musiktheorie";""
4;"604024";"604024";"Musikwissenschaft";""
4;"604025";"604025";"Popularmusikforschung";""
4;"604026";"604026";"Raumkunst";""
4;"604027";"604027";"Szenographie";""
4;"604028";"604028";"Tanzwissenschaft";""
4;"604029";"604029";"Theaterwissenschaft";""
4;"604030";"604030";"Volksmusikforschung";""
4;"604031";"604031";"Historische Technologie";""
4;"604032";"604032";"Instrumentalstudien";""
4;"604033";"604033";"Komposition";""
4;"604034";"604034";"Musiktheater";""
4;"604035";"604035";"Orgelforschung";""
4;"604036";"604036";"Provenienzforschung";""
4;"604037";"604037";"Sammlungspflege";""
4;"604038";"604038";"Digitale Kunst";""
4;"604039";"604039";"Computermusik";""
4;"604040";"604040";"Interpretationsforschung";""
4;"604041";"604041";"Modedesign";""
2;"605";"605";"Andere Geisteswissenschaften";""
3;"6050";"6050";"Andere Geisteswissenschaften";""
4;"605001";"605001";"Geschichte der Geisteswissenschaften";""
4;"605002";"605002";"Kulturgeschichte";""
4;"605003";"605003";"Kulturökonomie";""
4;"605004";"605004";"Kulturwissenschaft";""
4;"605005";"605005";"Publikumsforschung";""
4;"605006";"605006";"Kulturmanagement";""
4;"605007";"605007";"Digital Humanities";""
4;"605008";"605008";"Kulturerbe";""
